Company Name,Funder,Donation Amount,Year,"Type of Donations: (gift, sponsored projects...) ",Columbia school?,Which Specific Columbia Program?,Source,Notes
African Oil Company,African Oil Company,"25,000.00",2015,,SIPA,,https://issuu.com/columbiauniversitysipa/docs/sipa_annual_report_2014_2015,
American Gas Association,American Gas Association,"100,000.00",2017,,Trustees of Columbia University,,https://projects.propublica.org/nonprofits/display_990/130431590/01_2019_prefixes_01-20%2F130431590_201712_990O_2019012916041404,
American Gas Association,American Gas Association,"100,000.00",2018,,SIPA,,https://web.archive.org/web/20191224033634/https://sipa.columbia.edu/sites/default/files/SIPA-Annual-Report-2017-2018.pdf,
Aramco,Aramco Services Company,"100,000.00",2018,,SIPA,,https://web.archive.org/web/20191224033634/https://sipa.columbia.edu/sites/default/files/SIPA-Annual-Report-2017-2018.pdf,
Aramco,Aramco Services Company,"125,000.00",2019,,SIPA,CGEP,https://web.archive.org/web/20190415230731/https://energypolicy.columbia.edu/about/mission,"annual commitment of 200,000 or aggregate committment of 500,000 from 2019-2022. Chose 500,000 total for the 4 years as lower bound (125,000/yr)"
Aramco,Aramco Services Company,"125,000.00",2020,,SIPA,CGEP,https://web.archive.org/web/20201001210441/https://www.energypolicy.columbia.edu/about/partners,"annual commitment of 200,000 or aggregate committment of 500,000 from 2019-2022. Chose 500,000 total for the 4 years as lower bound (125,000/yr)"
Aramco,Aramco Services Company,"125,000.00",2021,,SIPA,CGEP,https://web.archive.org/web/20210604103628/https://www.energypolicy.columbia.edu/about/partners,"annual commitment of 200,000 or aggregate committment of 500,000 from 2019-2022. Chose 500,000 total for the 4 years as lower bound (125,000/yr)"
Aramco,Aramco Services Company,"125,000.00",2022,,SIPA,CGEP,https://web.archive.org/web/20220831234051/https://www.energypolicy.columbia.edu/partners,"annual commitment of 200,000 or aggregate committment of 500,000 from 2019-2022. Chose 500,000 total for the 4 years as lower bound (125,000/yr)"
Aramco,Aramco Services Company,"250,000.00",2023,,SIPA,CGEP,https://web.archive.org/web/20231005152943/https://www.energypolicy.columbia.edu/about-us/our-partners/,"annual commitment of $250,000 or more."
Aramco,Aramco Services Company,"250,000.00",2024,,SIPA,CGEP,https://web.archive.org/web/20240801004845/https://www.energypolicy.columbia.edu/about-us/our-partners/,"annual commitment of $250,000 or more."
Bechtel,Bechtel Group Foundation,"1,000.00",2006,,Barnard College,,https://projects.propublica.org/nonprofits/display_990/946078120/2007_05_PF%2F94-6078120_990PF_200612,
Bechtel,Bechtel Group Foundation,250.00,2020,,Trustees of Columbia University,,https://projects.propublica.org/nonprofits/display_990/946078120/download990pdf_10_2022_prefixes_91-95%2F946078120_202012_990PF_2022102620577640,
BP,BP,"125,000.00",2019,,SIPA,CGEP,https://web.archive.org/web/20190415230731/https://energypolicy.columbia.edu/about/mission,"annual commitment of 200,000 or aggregate committment of 500,000 from 2019-2022. Chose 500,000 total for the 4 years as lower bound (125,000/yr)"
BP,BP,"125,000.00",2020,,SIPA,CGEP,https://web.archive.org/web/20201001210441/https://www.energypolicy.columbia.edu/about/partners,"annual commitment of 200,000 or aggregate committment of 500,000 from 2019-2022. Chose 500,000 total for the 4 years as lower bound (125,000/yr)"
BP,BP,"125,000.00",2021,,SIPA,CGEP,https://web.archive.org/web/20210604103628/https://www.energypolicy.columbia.edu/about/partners,"annual commitment of 200,000 or aggregate committment of 500,000 from 2019-2022. Chose 500,000 total for the 4 years as lower bound (125,000/yr)"
BP,BP,"125,000.00",2022,,SIPA,CGEP,https://web.archive.org/web/20220831234051/https://www.energypolicy.columbia.edu/partners,"annual commitment of 200,000 or aggregate committment of 500,000 from 2019-2022. Chose 500,000 total for the 4 years as lower bound (125,000/yr)"
BP,BP,"250,000.00",2023,,SIPA,CGEP,https://web.archive.org/web/20231005152943/https://www.energypolicy.columbia.edu/about-us/our-partners/,"annual commitment of $250,000 or more."
BP,"bp, plc.","250,000.00",2024,,SIPA,CGEP,https://web.archive.org/web/20240801004845/https://www.energypolicy.columbia.edu/about-us/our-partners/,"annual commitment of $250,000 or more."
Calpine,Calpine,"1,000.00",2020,Donation/grant (Sustaining Annual Circle Member),SIPA,CGEP,https://littlesis.org/org/162243-Columbia_University_Center_on_Global_Energy_Policy,
Calpine,Calpine,"1,000.00",2021,,SIPA,CGEP,https://web.archive.org/web/20210604103628/https://www.energypolicy.columbia.edu/about/partners,"annual commitment of $1,000 or more."
Calpine,Calpine,"1,000.00",2022,,SIPA,CGEP,https://web.archive.org/web/20220831234051/https://www.energypolicy.columbia.edu/partners,"annual commitment of $1,000 or more."
Calpine,Calpine,"5,000.00",2023,,SIPA,CGEP,https://web.archive.org/web/20231005152943/https://www.energypolicy.columbia.edu/about-us/our-partners/,"annual commitment of $5,000 or more and participate in a regular roundtable discussion"
Calpine,Calpine,"5,000.00",2024,,SIPA,CGEP,https://web.archive.org/web/20240801004845/https://www.energypolicy.columbia.edu/about-us/our-partners/,"annual commitment of $5,000 or more and participate in a regular roundtable discussion"
Cheniere,Cheniere Energy,"500,000.00",2014,,SIPA,,https://issuu.com/columbiauniversitysipa/docs/460-02535_sipa-ar_nj_v10/62,
Cheniere,Cheniere Energy,"500,000.00",2015,,SIPA,,https://issuu.com/columbiauniversitysipa/docs/sipa_annual_report_2014_2015,
Cheniere,Cheniere Energy,"1,000,000.00",2017,,SIPA,,https://web.archive.org/web/20190130071315/https://sipa.columbia.edu/sites/default/files/SIPA-Annual-2016-2017.pdf,
Cheniere,Cheniere Energy,"1,000,000.00",2018,,SIPA,,https://web.archive.org/web/20191224033634/https://sipa.columbia.edu/sites/default/files/SIPA-Annual-Report-2017-2018.pdf,
Cheniere,"Cheniere Energy, Inc.","100,000.00",2018,,SIPA,CGEP,https://web.archive.org/web/20180620165843/http://energypolicy.columbia.edu/about/mission,"annual commitment of 200,000 or aggregate committment of 500,000 from 2018-2022. Chose 500,000 total for the 4 years as lower bound (100,000/yr)"
Cheniere,"Cheniere Energy, Inc.","100,000.00",2019,,SIPA,CGEP,https://web.archive.org/web/20190415230731/https://energypolicy.columbia.edu/about/mission,"annual commitment of 200,000 or aggregate committment of 500,000 from 2018-2022. Chose 500,000 total for the 4 years as lower bound (100,000/yr)"
Cheniere,"Cheniere Energy, Inc.","100,000.00",2020,,SIPA,CGEP,https://web.archive.org/web/20201001210441/https://www.energypolicy.columbia.edu/about/partners,"annual commitment of 200,000 or aggregate committment of 500,000 from 2018-2022. Chose 500,000 total for the 4 years as lower bound (100,000/yr)"
Cheniere,"Cheniere Energy, Inc.","100,000.00",2021,,SIPA,CGEP,https://web.archive.org/web/20210604103628/https://www.energypolicy.columbia.edu/about/partners,"annual commitment of 200,000 or aggregate committment of 500,000 from 2018-2022. Chose 500,000 total for the 4 years as lower bound (100,000/yr)"
Cheniere,"Cheniere Energy, Inc.","100,000.00",2022,,SIPA,CGEP,https://web.archive.org/web/20220831234051/https://www.energypolicy.columbia.edu/partners,"annual commitment of 200,000 or aggregate committment of 500,000 from 2018-2022. Chose 500,000 total for the 4 years as lower bound (100,000/yr)"
Chesapeake Energy,Chesapeake Energy Corporation,"100,000.00",2023,,SIPA,CGEP,https://web.archive.org/web/20231005152943/https://www.energypolicy.columbia.edu/about-us/our-partners/,"annual commitment of $100,000 or more."
Chesapeake Energy,Chesapeake Energy Corporation,"100,000.00",2024,,SIPA,CGEP,https://web.archive.org/web/20240801004845/https://www.energypolicy.columbia.edu/about-us/our-partners/," annual commitment of $100,000 or more."
Chevron,Chevron Corporation,"50,000.00",2018,,Climate School,,https://people.climate.columbia.edu/projects/view/734,
Chevron,Chevron Corporation,"10,000.00",2012,,Lamont-Doherty Earth Observatory,,https://lamont.columbia.edu/sites/default/files/content/LDEO_Annual%20Report_2012.pdf,
Chevron,Chevron Corporation,"10,000.00",2013,,Lamont-Doherty Earth Observatory,,https://www.ldeo.columbia.edu/ldeo/annualreports/2013report/index.html%3Fp=64.html,
Chevron,Chevron Corporation,"10,000.00",2014,,Lamont-Doherty Earth Observatory,,https://www.ldeo.columbia.edu/ldeo/annualreports/2014report/our-donors/index.html,
Chevron,Chevron Corporation,"10,000.00",2015,,Lamont-Doherty Earth Observatory,,https://www.ldeo.columbia.edu/ldeo/annualreports/2015report/our-donors/index.html,
Chevron,Chevron Corporation,"10,000.00",2016,,Lamont-Doherty Earth Observatory,,https://lamont.columbia.edu/sites/default/files/content/LDEO_Annual%20Report_2016.pdf,
Chevron,Chevron Corporation,"10,000.00",2017,,Lamont-Doherty Earth Observatory,,https://issuu.com/earthinstitute/docs/ldeo_annual_20report_2017_v16_digit,
Chevron,Chevron Corporation,"10,000.00",2018,,Lamont-Doherty Earth Observatory,,https://lamont.columbia.edu/sites/default/files/content/LDEO_Annual_Report_2018.pdf,
Chevron,Chevron Corporation,"10,000.00",2019,,Lamont-Doherty Earth Observatory,,https://lamont.columbia.edu/sites/default/files/content/LDEO_Annual%20Report_2019.pdf,
Chevron,Chevron Corporation,"10,000.00",2020,,Lamont-Doherty Earth Observatory,,https://annualreport.ldeo.columbia.edu/donors,
Chevron,Chevron Corporation,500.00,2021,,Lamont-Doherty Earth Observatory,,https://annual-report-21.lamont.columbia.edu/our-donors,
Chevron,Chevron Corporation,"1,000.00",2022,,Lamont-Doherty Earth Observatory,,https://annual-report-22.lamont.columbia.edu/our-donors,
Chevron,Chevron,"25,000.00",2019,Donation/grant,SIPA,CGEP,https://littlesis.org/org/162243-Columbia_University_Center_on_Global_Energy_Policy,
Chevron,Chevron,"1,000.00",2020,,SIPA,CGEP,https://web.archive.org/web/20201001210441/https://www.energypolicy.columbia.edu/about/partners,"annual commitment of $1,000 or more."
Chevron,Chevron,"1,000.00",2022,,SIPA,CGEP,https://web.archive.org/web/20220831234051/https://www.energypolicy.columbia.edu/partners,"annual commitment of $1,000 or more."
Chevron,Chevron,"100,000.00",2023,,SIPA,CGEP,https://web.archive.org/web/20231005152943/https://www.energypolicy.columbia.edu/about-us/our-partners/,"annual commitment of $100,000 or more."
Chevron,Chevron,"100,000.00",2024,,SIPA,CGEP,https://web.archive.org/web/20240801004845/https://www.energypolicy.columbia.edu/about-us/our-partners/," annual commitment of $100,000 or more."
Chevron,Chevron Corporation,"100,000.00",2021,,SIPA,,https://web.archive.org/web/20220625212407/https://www.sipa.columbia.edu/give/thank-you-our-donors-2020-21,
Chubu Electric Power Co.,"Chubu Electric Power Co., Inc.","250,000.00",2024,,SIPA,CGEP,https://web.archive.org/web/20240801004845/https://www.energypolicy.columbia.edu/about-us/our-partners/,"annual commitment of $250,000 or more."
Cimarex Energy,Cimarex Energy Company,"25,000.00",2018,,SIPA,,https://web.archive.org/web/20191224033634/https://sipa.columbia.edu/sites/default/files/SIPA-Annual-Report-2017-2018.pdf,
Cimarex Energy,Cimarex Energy Company,"25,000.00",2019,,SIPA,,https://web.archive.org/web/20191224033634/https://sipa.columbia.edu/sites/default/files/SIPA-Annual-Report-2017-2018.pdf,
Cimarex Energy,Cimarex Energy Co.,"1,000.00",2020,,SIPA,CGEP,https://web.archive.org/web/20201001210441/https://www.energypolicy.columbia.edu/about/partners,"annual commitment of $1,000 or more."
Cimarex Energy,Cimarex Energy Co.,"1,000.00",2021,,SIPA,CGEP,https://web.archive.org/web/20210604103628/https://www.energypolicy.columbia.edu/about/partners,"annual commitment of $1,000 or more."
ConocoPhillips,ConocoPhillips,"10,000.00",2012,,Lamont-Doherty Earth Observatory,,https://lamont.columbia.edu/sites/default/files/content/LDEO_Annual%20Report_2012.pdf,
ConocoPhillips,ConocoPhillips,"100,000.00",2014,,SIPA,,https://issuu.com/columbiauniversitysipa/docs/460-02535_sipa-ar_nj_v10/62,
ConocoPhillips,ConocoPhillips,"100,000.00",2015,,SIPA,,https://issuu.com/columbiauniversitysipa/docs/sipa_annual_report_2014_2015,
ConocoPhillips,ConocoPhillips,"100,000.00",2017,,SIPA,,https://web.archive.org/web/20190130071315/https://sipa.columbia.edu/sites/default/files/SIPA-Annual-2016-2017.pdf,
ConocoPhillips,ConocoPhillips,"100,000.00",2018,,SIPA,CGEP,https://web.archive.org/web/20180620165843/http://energypolicy.columbia.edu/about/mission,"annual commitment of 200,000 or aggregate committment of 500,000 from 2018-2022. Chose 500,000 total for the 4 years as lower bound (100,000/yr)"
ConocoPhillips,ConocoPhillips,"100,000.00",2019,,SIPA,CGEP,https://web.archive.org/web/20190415230731/https://energypolicy.columbia.edu/about/mission,"annual commitment of 200,000 or aggregate committment of 500,000 from 2018-2022. Chose 500,000 total for the 4 years as lower bound (100,000/yr)"
ConocoPhillips,ConocoPhillips,"100,000.00",2020,,SIPA,CGEP,https://web.archive.org/web/20201001210441/https://www.energypolicy.columbia.edu/about/partners,"annual commitment of 200,000 or aggregate committment of 500,000 from 2018-2022. Chose 500,000 total for the 4 years as lower bound (100,000/yr)"
ConocoPhillips,ConocoPhillips,"100,000.00",2021,,SIPA,CGEP,https://web.archive.org/web/20210604103628/https://www.energypolicy.columbia.edu/about/partners,"annual commitment of 200,000 or aggregate committment of 500,000 from 2018-2022. Chose 500,000 total for the 4 years as lower bound (100,000/yr)"
ConocoPhillips,ConocoPhillips,"100,000.00",2022,,SIPA,CGEP,https://web.archive.org/web/20220831234051/https://www.energypolicy.columbia.edu/partners,"annual commitment of 200,000 or aggregate committment of 500,000 from 2018-2022. Chose 500,000 total for the 4 years as lower bound (100,000/yr)"
ConocoPhillips,ConocoPhillips,"250,000.00",2023,,SIPA,CGEP,https://web.archive.org/web/20231005152943/https://www.energypolicy.columbia.edu/about-us/our-partners/,"annual commitment of $250,000 or more."
ConocoPhillips,ConocoPhillips,"250,000.00",2024,,SIPA,CGEP,https://web.archive.org/web/20240801004845/https://www.energypolicy.columbia.edu/about-us/our-partners/,"annual commitment of $250,000 or more."
Coterra Energy,Coterra Energy Inc,"250,000.00",2023,,SIPA,CGEP,https://web.archive.org/web/20231005152943/https://www.energypolicy.columbia.edu/about-us/our-partners/,"annual commitment of $250,000 or more."
Coterra Energy,Coterra Energy Inc,"250,000.00",2024,,SIPA,CGEP,https://web.archive.org/web/20240801004845/https://www.energypolicy.columbia.edu/about-us/our-partners/,"annual commitment of $250,000 or more."
Devon Energy,Devon Energy,"25,000.00",2019,,SIPA,,https://web.archive.org/web/20191224033634/https://sipa.columbia.edu/sites/default/files/SIPA-Annual-Report-2017-2018.pdf,
Devon Energy,Devon Energy,"25,000.00",2021,,SIPA,,https://web.archive.org/web/20220625212407/https://www.sipa.columbia.edu/give/thank-you-our-donors-2020-21,
Devon Energy,Devon Energy,"200,000.00",2022,,SIPA,CGEP,https://web.archive.org/web/20220831234051/https://www.energypolicy.columbia.edu/partners,selected lower bound of $200k/year or $500k aggregate
Devon Energy,Devon Energy,"250,000.00",2023,,SIPA,CGEP,https://web.archive.org/web/20231005152943/https://www.energypolicy.columbia.edu/about-us/our-partners/,"annual commitment of $250,000 or more."
Devon Energy,Devon Energy,"250,000.00",2024,,SIPA,CGEP,https://web.archive.org/web/20240801004845/https://www.energypolicy.columbia.edu/about-us/our-partners/,"annual commitment of $250,000 or more."
Enel,Enel,"1,000.00",2023,,SIPA,CGEP,https://web.archive.org/web/20231005152943/https://www.energypolicy.columbia.edu/about-us/our-partners/,"annual commitment of $1,000 or more."
Enel,Enel,"1,000.00",2024,,SIPA,CGEP,https://web.archive.org/web/20240801004845/https://www.energypolicy.columbia.edu/about-us/our-partners/,"annual commitment of $1,000 or more."
Eni,Eni,"1,000.00",2022,,SIPA,CGEP,https://web.archive.org/web/20220831234051/https://www.energypolicy.columbia.edu/partners,"annual commitment of $1,000 or more."
EQT,EQT Corporation,"100,000.00",2024,,SIPA,CGEP,https://web.archive.org/web/20240801004845/https://www.energypolicy.columbia.edu/about-us/our-partners/," annual commitment of $100,000 or more."
EQT,EQT Foundation,"18,000.00",2012,,Trustees of Columbia University,,https://projects.propublica.org/nonprofits/display_990/43747289/2013_12_PF%2F04-3747289_990PF_201212,
EQT,EQT Foundation,"18,000.00",2015,,Trustees of Columbia University,,https://projects.propublica.org/nonprofits/organizations/43747289/201612289349100801/full,
EQT,EQT Foundation,"1,000.00",2016,,Trustees of Columbia University,,https://projects.propublica.org/nonprofits/organizations/43747289/201723139349101057/full,
Equinor,Equinor,"100,000.00",2018,,SIPA,CGEP,https://web.archive.org/web/20180620165843/http://energypolicy.columbia.edu/about/mission,"annual commitment of 200,000 or aggregate committment of 500,000 from 2018-2022. Chose 500,000 total for the 4 years as lower bound (100,000/yr)"
Equinor,Equinor,"100,000.00",2019,,SIPA,CGEP,https://web.archive.org/web/20190415230731/https://energypolicy.columbia.edu/about/mission,"annual commitment of 200,000 or aggregate committment of 500,000 from 2018-2022. Chose 500,000 total for the 4 years as lower bound (100,000/yr)"
Equinor,Equinor,"100,000.00",2020,,SIPA,CGEP,https://web.archive.org/web/20201001210441/https://www.energypolicy.columbia.edu/about/partners,"annual commitment of 200,000 or aggregate committment of 500,000 from 2018-2022. Chose 500,000 total for the 4 years as lower bound (100,000/yr)"
Equinor,Equinor,"100,000.00",2021,,SIPA,CGEP,https://web.archive.org/web/20210604103628/https://www.energypolicy.columbia.edu/about/partners,"annual commitment of 200,000 or aggregate committment of 500,000 from 2018-2022. Chose 500,000 total for the 4 years as lower bound (100,000/yr)"
Equinor,Equinor,"100,000.00",2022,,SIPA,CGEP,https://web.archive.org/web/20220831234051/https://www.energypolicy.columbia.edu/partners,"annual commitment of 200,000 or aggregate committment of 500,000 from 2018-2022. Chose 500,000 total for the 4 years as lower bound (100,000/yr)"
Equinor,Equinor,"250,000.00",2023,,SIPA,CGEP,https://web.archive.org/web/20231005152943/https://www.energypolicy.columbia.edu/about-us/our-partners/,"annual commitment of $250,000 or more."
Equinor,Equinor,"250,000.00",2024,,SIPA,CGEP,https://web.archive.org/web/20240801004845/https://www.energypolicy.columbia.edu/about-us/our-partners/,"annual commitment of $250,000 or more."
Equinor,Statoil,"100,000.00",2014,,SIPA,,https://issuu.com/columbiauniversitysipa/docs/460-02535_sipa-ar_nj_v10/62,
Equinor,Statoil,"100,000.00",2015,,SIPA,,https://issuu.com/columbiauniversitysipa/docs/sipa_annual_report_2014_2015,
Equinor,Statoil,"500,000.00",2017,,SIPA,,https://web.archive.org/web/20190130071315/https://sipa.columbia.edu/sites/default/files/SIPA-Annual-2016-2017.pdf,
Equinor,Statoil,"500,000.00",2018,,SIPA,,https://web.archive.org/web/20191224033634/https://sipa.columbia.edu/sites/default/files/SIPA-Annual-Report-2017-2018.pdf,
ExxonMobil,ExxonMobil,"10,000.00",2012,,Lamont-Doherty Earth Observatory,,https://lamont.columbia.edu/sites/default/files/content/LDEO_Annual%20Report_2012.pdf,
ExxonMobil,ExxonMobil,"1,000.00",2012,,Lamont-Doherty Earth Observatory,,https://lamont.columbia.edu/sites/default/files/content/LDEO_Annual%20Report_2012.pdf,
ExxonMobil,ExxonMobil,"10,000.00",2013,,Lamont-Doherty Earth Observatory,,https://www.ldeo.columbia.edu/ldeo/annualreports/2013report/index.html%3Fp=64.html,
ExxonMobil,ExxonMobil,"1,000.00",2013,,Lamont-Doherty Earth Observatory,,https://www.ldeo.columbia.edu/ldeo/annualreports/2013report/index.html%3Fp=64.html,
ExxonMobil,ExxonMobil,"1,000.00",2014,,Lamont-Doherty Earth Observatory,,https://www.ldeo.columbia.edu/ldeo/annualreports/2014report/our-donors/index.html,
ExxonMobil,ExxonMobil,"1,000.00",2015,,Lamont-Doherty Earth Observatory,,https://www.ldeo.columbia.edu/ldeo/annualreports/2015report/our-donors/index.html,
ExxonMobil,ExxonMobil,"1,000.00",2016,,Lamont-Doherty Earth Observatory,,https://lamont.columbia.edu/sites/default/files/content/LDEO_Annual%20Report_2016.pdf,
ExxonMobil,ExxonMobil,"25,000.00",2014,Donation/grant,SIPA,CGEP,https://littlesis.org/org/162243-Columbia_University_Center_on_Global_Energy_Policy,
ExxonMobil,ExxonMobil,"25,000.00",2015,,SIPA,,https://issuu.com/columbiauniversitysipa/docs/sipa_annual_report_2014_2015,
ExxonMobil,ExxonMobil,"50,000.00",2016,,SIPA,,https://www.columbiaspectator.com/the-eye/2023/10/09/columbia-has-received-funding-from-fossil-fuel-companies-for-decades-that-money-keeps-flowing/,
ExxonMobil,ExxonMobil,"50,000.00",2017,,SIPA,CGEP,https://web.archive.org/web/20240710043353/https://corporate.exxonmobil.com/-/media/global/files/worldwide-giving/2017-public-policy-worldwide-giving.pdf,
ExxonMobil,ExxonMobil,"25,000.00",2018,,SIPA,CGEP,https://web.archive.org/web/20240418120303/https://corporate.exxonmobil.com/-/media/Global/Files/worldwide-giving/2018-Worldwide-Giving-Report.pdf,
ExxonMobil,ExxonMobil,"20,000.00",2018,,SIPA,CGEP,https://web.archive.org/web/20240418120303/https://corporate.exxonmobil.com/-/media/Global/Files/worldwide-giving/2018-Worldwide-Giving-Report.pdf,for India-U.S. Roundtable 
ExxonMobil,ExxonMobil,"250,000.00",2020,,SIPA,CGEP,https://web.archive.org/web/20231005105748/https://corporate.exxonmobil.com/-/media/Global/Files/worldwide-giving/2020-Worldwide-Giving-Report.pdf,
ExxonMobil,ExxonMobil,"250,000.00",2021,,SIPA,CGEP,https://web.archive.org/web/20240808063835/https://corporate.exxonmobil.com/-/media/global/files/worldwide-giving/2021-worldwide-giving-report.pdf,
ExxonMobil,ExxonMobil,"200,000.00",2021,,SIPA,CGEP,https://web.archive.org/web/20210604103628/https://www.energypolicy.columbia.edu/about/partners,selected lower bound of $200k/year or $500k aggregate
ExxonMobil,ExxonMobil,"250,000.00",2022,,SIPA,CGEP,https://web.archive.org/web/20240430124722/https://corporate.exxonmobil.com/-/media/global/files/worldwide-giving/2022-worldwide-giving-report.pdf,
ExxonMobil,ExxonMobil,"250,000.00",2023,,SIPA,CGEP,https://web.archive.org/web/20231005152943/https://www.energypolicy.columbia.edu/about-us/our-partners/,"annual commitment of $250,000 or more."
ExxonMobil,ExxonMobil,"250,000.00",2024,,SIPA,CGEP,https://web.archive.org/web/20240801004845/https://www.energypolicy.columbia.edu/about-us/our-partners/,"annual commitment of $250,000 or more."
ExxonMobil,ExxonMobil,"200,000.00",2014,,Trustees of Columbia University,,https://www.politico.com/blogs/on-media/2015/11/exxonmobil-climate-change-ethics-allegations-columbia-university-216287,
ExxonMobil,ExxonMobil,"212,777.00",2017,,Trustees of Columbia University,,https://web.archive.org/web/20230311173119/https://corporate.exxonmobil.com/-/media/global/files/worldwide-giving/2017-higher-ed-worldwide-giving.pdf,ExxonMobil Educational Matching Gift Program
ExxonMobil,ExxonMobil,"235,034.00",2018,,Trustees of Columbia University,,https://web.archive.org/web/20240418120303/https://corporate.exxonmobil.com/-/media/Global/Files/worldwide-giving/2018-Worldwide-Giving-Report.pdf,ExxonMobil Educational Matching Gift Program
ExxonMobil,ExxonMobil,"175,293.00",2019,,Trustees of Columbia University,,https://web.archive.org/web/20240410013803/https://corporate.exxonmobil.com/-/media/Global/Files/worldwide-giving/2019-Worldwide-Giving-Report.pdf,ExxonMobil Educational Matching Gift Program
ExxonMobil,ExxonMobil,"148,325.00",2020,,Trustees of Columbia University,,https://web.archive.org/web/20231005105748/https://corporate.exxonmobil.com/-/media/Global/Files/worldwide-giving/2020-Worldwide-Giving-Report.pdf,ExxonMobil Educational Matching Gift Program
Hess,Hess Foundation Inc,"2,500.00",2005,,Trustees of Columbia University,,https://projects.propublica.org/nonprofits/display_990/221713046/2006_09_PF%2F22-1713046_990PF_200511,
Hess,Hess Foundation Inc,"800,000.00",2005,,Mailman School of Public Health,,https://projects.propublica.org/nonprofits/display_990/221713046/2006_09_PF%2F22-1713046_990PF_200511,
Hess,Hess Foundation Inc,"25,000.00",2005,,Business School,,https://projects.propublica.org/nonprofits/display_990/221713046/2006_09_PF%2F22-1713046_990PF_200511,
Hess,Hess Foundation Inc,"405,000.00",2005,,Barnard College,,https://projects.propublica.org/nonprofits/display_990/221713046/2006_09_PF%2F22-1713046_990PF_200511,
Hess,Hess Foundation Inc,"5,000.00",2006,,Trustees of Columbia University,,https://projects.propublica.org/nonprofits/display_990/221713046/2007_08_PF%2F22-1713046_990PF_200611,
Hess,Hess Foundation Inc,"1,050,000.00",2006,,Mailman School of Public Health,,https://projects.propublica.org/nonprofits/display_990/221713046/2007_08_PF%2F22-1713046_990PF_200611,
Hess,Hess Foundation Inc,"25,000.00",2006,,Business School,,https://projects.propublica.org/nonprofits/display_990/221713046/2007_08_PF%2F22-1713046_990PF_200611,
Hess,Hess Foundation Inc,"405,000.00",2006,,Barnard College,,https://projects.propublica.org/nonprofits/display_990/221713046/2007_08_PF%2F22-1713046_990PF_200611,
Hess,Hess Foundation Inc,"2,500.00",2007,,Medical Center,,https://projects.propublica.org/nonprofits/display_990/221713046/2008_08_PF%2F22-1713046_990PF_200711,
Hess,Hess Foundation Inc,"52,000.00",2007,,Mailman School of Public Health,,https://projects.propublica.org/nonprofits/display_990/221713046/2008_08_PF%2F22-1713046_990PF_200711,
Hess,Hess Foundation Inc,"410,000.00",2007,,Barnard College,,https://projects.propublica.org/nonprofits/display_990/221713046/2008_08_PF%2F22-1713046_990PF_200711,
Hess,Hess Foundation Inc,"1,050,000.00",2007,,Trustees of Columbia University,,https://projects.propublica.org/nonprofits/display_990/221713046/2008_08_PF%2F22-1713046_990PF_200711,
Hess,Hess Foundation Inc,"5,000.00",2008,,Medical Center,,https://projects.propublica.org/nonprofits/display_990/221713046/2009_09_PF%2F22-1713046_990PF_200811,
Hess,Hess Foundation Inc,"1,152,000.00",2008,,Mailman School of Public Health,,https://projects.propublica.org/nonprofits/display_990/221713046/2009_09_PF%2F22-1713046_990PF_200811,
Hess,Hess Foundation Inc,"420,000.00",2008,,Barnard College,,https://projects.propublica.org/nonprofits/display_990/221713046/2009_09_PF%2F22-1713046_990PF_200811,
Hess,Hess Foundation Inc,"1,050,000.00",2008,,Trustees of Columbia University,,https://projects.propublica.org/nonprofits/display_990/221713046/2009_09_PF%2F22-1713046_990PF_200811,
Hess,Hess Foundation Inc,"50,000.00",2010,,Trustees of Columbia University,,https://projects.propublica.org/nonprofits/display_990/221713046/2011_09_PF%2F22-1713046_990PF_201011,
Hess,Hess Foundation Inc,"655,000.00",2010,,Mailman School of Public Health,,https://projects.propublica.org/nonprofits/display_990/221713046/2011_09_PF%2F22-1713046_990PF_201011,
Hess,Hess Foundation Inc,"200,000.00",2010,,Barnard College,,https://projects.propublica.org/nonprofits/display_990/221713046/2011_09_PF%2F22-1713046_990PF_201011,
Hess,Hess Foundation Inc,"50,000.00",2011,,Trustees of Columbia University,,https://projects.propublica.org/nonprofits/display_990/221713046/2012_10_PF%2F22-1713046_990PF_201111,
Hess,Hess Foundation Inc,"220,000.00",2011,,Mailman School of Public Health,,https://projects.propublica.org/nonprofits/display_990/221713046/2012_10_PF%2F22-1713046_990PF_201111,
Hess,Hess Foundation Inc,"442,500.00",2011,,Barnard College,,https://projects.propublica.org/nonprofits/display_990/221713046/2012_10_PF%2F22-1713046_990PF_201111,
Hess,Hess Foundation Inc,"25,000.00",2012,,Medical Center,,https://projects.propublica.org/nonprofits/display_990/221713046/2013_10_PF%2F22-1713046_990PF_201211,
Hess,Hess Foundation,"50,000.00",2012,,Trustees of Columbia University,,https://projects.propublica.org/nonprofits/display_990/221713046/2013_10_PF%2F22-1713046_990PF_201211,
Hess,Hess Foundation,"90,000.00",2012,,Mailman School of Public Health,,https://projects.propublica.org/nonprofits/display_990/221713046/2013_10_PF%2F22-1713046_990PF_201211,
Hess,Hess Foundation Inc,"410,000.00",2012,,Barnard College,,https://projects.propublica.org/nonprofits/display_990/221713046/2013_10_PF%2F22-1713046_990PF_201211,
Hess,Hess Foundation Inc,"50,000.00",2012,,Trustees of Columbia University,,https://projects.propublica.org/nonprofits/display_990/221713046/2013_10_PF%2F22-1713046_990PF_201211,
Hess,Hess Foundation Inc,"90,000.00",2012,,Mailman School of Public Health,,https://projects.propublica.org/nonprofits/display_990/221713046/2013_10_PF%2F22-1713046_990PF_201211,
Hess,Hess Foundation,"615,000.00",2013,,Mailman School of Public Health,,https://projects.propublica.org/nonprofits/display_990/221713046/2014_09_PF%2F22-1713046_990PF_201311,
Hess,Hess Foundation Inc,"400,000.00",2013,,Barnard College,,https://projects.propublica.org/nonprofits/display_990/221713046/2014_09_PF%2F22-1713046_990PF_201311,
Hess,Hess Foundation,"15,000.00",2014,,Mailman School of Public Health,,https://projects.propublica.org/nonprofits/organizations/221713046/201512869349100401/full,
Hess,Hess Foundation Inc,"600,000.00",2014,,Barnard College,,https://projects.propublica.org/nonprofits/display_990/221713046/2016_01_PF%2F22-1713046_990PF_201411,
Hess,Hess Foundation,"2,050,000.00",2015,,Mailman School of Public Health,,https://projects.propublica.org/nonprofits/organizations/221713046/201622529349100752/full,
Hess,Hess Foundation Inc,"912,500.00",2015,,Barnard College,,https://projects.propublica.org/nonprofits/display_990/221713046/01_2017_prefixes_20-23%2F221713046_201511_990PF_2017010514059728,
Hess,Hess Foundation Inc,"100,000.00",2016,,Barnard College,,https://projects.propublica.org/nonprofits/display_990/221713046/IRS%2F221713046_201611_990PF_2017102514886168,
Hess,Hess Foundation,"10,000.00",2016,,Mailman School of Public Health,,https://projects.propublica.org/nonprofits/display_990/221713046/IRS%2F221713046_201611_990PF_2017102514886168,
Hess,Hess Foundation Inc,"100,000.00",2017,,Barnard College,,https://projects.propublica.org/nonprofits/organizations/221713046/201842869349100504/full,
Hess,Hess Foundation,"11,000.00",2017,,Mailman School of Public Health,,https://projects.propublica.org/nonprofits/organizations/221713046/201842869349100504/full,
Hess,Hess Foundation Inc,"60,000.00",2018,,Barnard College,,https://projects.propublica.org/nonprofits/organizations/221713046/201922559349100222/full,
Hess,Hess Foundation,"100,000.00",2018,,Trustees of Columbia University,,https://projects.propublica.org/nonprofits/organizations/221713046/201922559349100222/full,
Hess,Hess Foundation,"25,000.00",2018,,Mailman School of Public Health,,https://projects.propublica.org/nonprofits/organizations/221713046/201922559349100222/full,
Hess,Hess Foundation,"100,000.00",2019,,Trustees of Columbia University,,https://projects.propublica.org/nonprofits/organizations/221713046/202012849349100801/full,
Hess,Hess Foundation Inc,"127,500.00",2019,,Barnard College,,https://projects.propublica.org/nonprofits/organizations/221713046/202012849349100801/full,
Hess,Hess Foundation,"75,000.00",2019,,Mailman School of Public Health,,https://projects.propublica.org/nonprofits/organizations/221713046/202012849349100801/full,
Hess,Hess Foundation Inc,"50,000.00",2020,,Barnard College,,https://projects.propublica.org/nonprofits/organizations/221713046/202122879349101687/full,
Hess,Hess Foundation,"100,000.00",2020,,Mailman School of Public Health,,https://projects.propublica.org/nonprofits/organizations/221713046/202122879349101687/full,
Hess,Hess Foundation Inc,"305,000.00",2021,,Barnard College,,https://projects.propublica.org/nonprofits/organizations/221713046/202202889349100610/full,
Hess,Hess Foundation,"100,000.00",2021,,Mailman School of Public Health,,https://projects.propublica.org/nonprofits/organizations/221713046/202202889349100610/full,
Hess,Hess Foundation Inc,"450,000.00",2022,,Barnard College,,https://projects.propublica.org/nonprofits/display_990/221713046/download990pdf_10_2023_prefixes_20-22%2F221713046_202211_990PF_2023102721798261,
Hess,Hess Foundation Inc,"25,000.00",2022,,Mailman School of Public Health,,https://projects.propublica.org/nonprofits/display_990/221713046/download990pdf_10_2023_prefixes_20-22%2F221713046_202211_990PF_2023102721798261,
JERA Co.,"JERA Co., Inc.","1,000.00",2021,,SIPA,CGEP,https://web.archive.org/web/20210604103628/https://www.energypolicy.columbia.edu/about/partners,"annual commitment of $1,000 or more."
JERA Co.,"JERA Co., Inc.","1,000.00",2022,,SIPA,CGEP,https://web.archive.org/web/20220831234051/https://www.energypolicy.columbia.edu/partners,"annual commitment of $1,000 or more."
JERA Co.,"JERA Co., Inc.","100,000.00",2024,,SIPA,CGEP,https://web.archive.org/web/20240801004845/https://www.energypolicy.columbia.edu/about-us/our-partners/," annual commitment of $100,000 or more."
Koch,Charles Koch Foundation,"33,000.00",2022,,Trustees of Columbia University,,https://projects.propublica.org/nonprofits/organizations/480918408/202333199349104183/full,
Koch,Koch Foundation,"250,000.00",2019,Donation/grant,SIPA,CGEP,https://littlesis.org/org/162243-Columbia_University_Center_on_Global_Energy_Policy,
Koch,Koch Foundation,"5,000.00",2015,,Trustees of Columbia University,,https://docs.google.com/spreadsheets/d/1c8h3cx5PouCV62KhG624NaIwR4ROfULjYF7yWOWXk8A/edit#gid=0,
Koch,Koch Foundation,"5,000.00",2016,,Trustees of Columbia University,,https://docs.google.com/spreadsheets/d/1c8h3cx5PouCV62KhG624NaIwR4ROfULjYF7yWOWXk8A/edit#gid=1,
Koch,Koch Foundation,"36,850.00",2017,,Trustees of Columbia University,,https://docs.google.com/spreadsheets/d/1c8h3cx5PouCV62KhG624NaIwR4ROfULjYF7yWOWXk8A/edit#gid=1,
Koch,Koch Foundation,"703,914.00",2018,,Trustees of Columbia University,,https://docs.google.com/spreadsheets/d/1c8h3cx5PouCV62KhG624NaIwR4ROfULjYF7yWOWXk8A/edit#gid=1,
Koch,Koch Foundation,"930,835.00",2019,,Trustees of Columbia University,,https://docs.google.com/spreadsheets/d/1c8h3cx5PouCV62KhG624NaIwR4ROfULjYF7yWOWXk8A/edit#gid=1,
Koch,Koch Foundation,"1,530,540.00",2020,,Trustees of Columbia University,,https://www.documentcloud.org/documents/21116137-2020-charles-koch-foundation-990,
Koch,Koch Foundation,"660,000.00",2021,,Trustees of Columbia University,,https://charleskochfoundation.org/app/uploads/2022/11/Charles-Koch-Foundation-Form-990-PF-2021-Public-Disclosure-Copy.pdf,
NextEra,NextEra,"1,000.00",2022,,SIPA,CGEP,https://web.archive.org/web/20220831234051/https://www.energypolicy.columbia.edu/partners,"annual commitment of $1,000 or more."
NextEra,NextEra,"5,000.00",2023,,SIPA,CGEP,https://web.archive.org/web/20231005152943/https://www.energypolicy.columbia.edu/about-us/our-partners/,"annual commitment of $5,000 or more and participate in a regular roundtable discussion"
NextEra,NextEra,"5,000.00",2024,,SIPA,CGEP,https://web.archive.org/web/20240801004845/https://www.energypolicy.columbia.edu/about-us/our-partners/,"annual commitment of $5,000 or more and participate in a regular roundtable discussion"
NRG,NRG,"1,000.00",2021,,SIPA,CGEP,https://web.archive.org/web/20210604103628/https://www.energypolicy.columbia.edu/about/partners,"annual commitment of $1,000 or more."
NRG,NRG,"1,000.00",2022,,SIPA,CGEP,https://web.archive.org/web/20220831234051/https://www.energypolicy.columbia.edu/partners,"annual commitment of $1,000 or more."
NRG,NRG,"5,000.00",2023,,SIPA,CGEP,https://web.archive.org/web/20231005152943/https://www.energypolicy.columbia.edu/about-us/our-partners/,"annual commitment of $5,000 or more and participate in a regular roundtable discussion"
NRG,NRG,"5,000.00",2024,,SIPA,CGEP,https://web.archive.org/web/20240801004845/https://www.energypolicy.columbia.edu/about-us/our-partners/,"annual commitment of $5,000 or more and participate in a regular roundtable discussion"
NRG,"NRG Energy, Inc","1,000.00",2020,Donation/grant (Sustaining Annual Circle Member),SIPA,CGEP,https://littlesis.org/org/162243-Columbia_University_Center_on_Global_Energy_Policy,
Occidental Petroleum,Occidental Petroleum Corporation,"1,000,000.00",2019,Donation/grant,SIPA,CGEP,https://littlesis.org/org/162243-Columbia_University_Center_on_Global_Energy_Policy,
Occidental Petroleum,Occidental Petroleum Corporation,"200,000.00",2020,,SIPA,CGEP,https://web.archive.org/web/20201001210441/https://www.energypolicy.columbia.edu/about/partners,"annual commitment of 200,000 or aggregate committment of 500,000 from 2021-2022. Chose 200,000/yr as lower bound"
Occidental Petroleum,Occidental Petroleum Corporation,"200,000.00",2021,,SIPA,CGEP,https://web.archive.org/web/20210604103628/https://www.energypolicy.columbia.edu/about/partners,"annual commitment of 200,000 or aggregate committment of 500,000 from 2021-2022. Chose 200,000/yr as lower bound"
Occidental Petroleum,Occidental Petroleum Corporation,"333,000.00",2022,,SIPA,CGEP,https://web.archive.org/web/20220831234051/https://www.energypolicy.columbia.edu/partners,"annual or aggregate committment of 1,000,000 from 2022-2024. Chose 333,000/yr as lower bound"
Occidental Petroleum,Occidental Petroleum Corporation,"333,000.00",2023,,SIPA,CGEP,https://web.archive.org/web/20231005152943/https://www.energypolicy.columbia.edu/about-us/our-partners/,"annual or aggregate committment of 1,000,000 from 2022-2024. Chose 333,000/yr as lower bound"
Occidental Petroleum,Occidental Petroleum Corporation,"333,000.00",2024,,SIPA,CGEP,https://web.archive.org/web/20240801004845/https://www.energypolicy.columbia.edu/about-us/our-partners/,"annual or aggregate committment of 1,000,000 from 2022-2024. Chose 333,000/yr as lower bound"
ONEOK,"ONEOK, Inc.","250,000.00",2023,,SIPA,CGEP,https://web.archive.org/web/20231005152943/https://www.energypolicy.columbia.edu/about-us/our-partners/,"annual commitment of $250,000 or more."
ONEOK,"ONEOK, Inc.","250,000.00",2024,,SIPA,CGEP,https://web.archive.org/web/20240801004845/https://www.energypolicy.columbia.edu/about-us/our-partners/,"annual commitment of $250,000 or more."
Petrobras,Petroleo Brasileiro S.A.,"25,000.00",2018,,Climate School,,https://people.climate.columbia.edu/projects/view/736,
Petromarker,Petromarker,"25,000.00",2018,,Climate School,,https://people.climate.columbia.edu/projects/view/737,
Pioneer Natural Resources,Pioneer Natural Resources,"25,000.00",2014,,SIPA,,https://issuu.com/columbiauniversitysipa/docs/460-02535_sipa-ar_nj_v10/62,
Pioneer Natural Resources,Pioneer Natural Resources,"25,000.00",2017,,SIPA,,https://web.archive.org/web/20190130071315/https://sipa.columbia.edu/sites/default/files/SIPA-Annual-2016-2017.pdf,
Pioneer Natural Resources,Pioneer Natural Resources,"100,000.00",2018,,SIPA,,https://web.archive.org/web/20191224033634/https://sipa.columbia.edu/sites/default/files/SIPA-Annual-Report-2017-2018.pdf,
Pioneer Natural Resources,Pioneer Natural Resources,"100,000.00",2019,,SIPA,,https://web.archive.org/web/20220812033654/https://sipa.columbia.edu/sites/default/files/SIPA-Annual-Report-2018-2019.pdf,
Pioneer Natural Resources,Pioneer Natural Resources,"1,000.00",2020,,SIPA,CGEP,https://web.archive.org/web/20201001210441/https://www.energypolicy.columbia.edu/about/partners,"annual commitment of $1,000 or more."
Pioneer Natural Resources,Pioneer Natural Resources,"1,000.00",2021,,SIPA,CGEP,https://web.archive.org/web/20210604103628/https://www.energypolicy.columbia.edu/about/partners,"annual commitment of $1,000 or more."
Pioneer Natural Resources,Pioneer Natural Resources,"1,000.00",2022,,SIPA,CGEP,https://web.archive.org/web/20220831234051/https://www.energypolicy.columbia.edu/partners,"annual commitment of $1,000 or more."
Pioneer Natural Resources,Pioneer Natural Resources Company,"1,000.00",2020,Donation/grant (Sustaining Annual Circle Member),SIPA,CGEP,https://littlesis.org/org/162243-Columbia_University_Center_on_Global_Energy_Policy,
Schlumberger,Schlumberger Limited,"1,000.00",2020,,SIPA,CGEP,https://web.archive.org/web/20201001210441/https://www.energypolicy.columbia.edu/about/partners,"annual commitment of $1,000 or more."
Sempra,Sempra,"1,000.00",2022,,SIPA,CGEP,https://web.archive.org/web/20220831234051/https://www.energypolicy.columbia.edu/partners,"annual commitment of $1,000 or more."
Sempra,Sempra,"100,000.00",2023,,SIPA,CGEP,https://web.archive.org/web/20231005152943/https://www.energypolicy.columbia.edu/about-us/our-partners/,"annual commitment of $100,000 or more."
Sempra,Sempra,"100,000.00",2024,,SIPA,CGEP,https://web.archive.org/web/20240801004845/https://www.energypolicy.columbia.edu/about-us/our-partners/," annual commitment of $100,000 or more."
Sempra,Sempra Foundation,250.00,2018,,Barnard College,,https://projects.propublica.org/nonprofits/display_990/261325469/12_2019_prefixes_23-26%2F261325469_201812_990PF_2019123116986534,
Sempra,Sempra Foundation,100.00,2021,,Barnard College,,https://projects.propublica.org/nonprofits/organizations/261325469/202223199349104187/full,
Sempra,Sempra Foundation,200.00,2022,,Barnard College,,https://projects.propublica.org/nonprofits/organizations/261325469/202313059349100436/full,
Sempra,Sempra Energy Foundation,"1,350.00",2014,,Trustees of Columbia University,,https://projects.propublica.org/nonprofits/display_990/261325469/12_2019_prefixes_23-26%2F261325469_201812_990PF_2019123116986534,
Sempra,Sempra Energy Foundation,"1,000.00",2015,,Trustees of Columbia University,,https://projects.propublica.org/nonprofits/display_990/261325469/12_2019_prefixes_23-26%2F261325469_201812_990PF_2019123116986534,
Sempra,Sempra Energy Foundation,"1,250.00",2016,,Trustees of Columbia University,,https://projects.propublica.org/nonprofits/display_990/261325469/12_2019_prefixes_23-26%2F261325469_201812_990PF_2019123116986534,
Sempra,Sempra Energy Foundation,"1,850.00",2018,,Trustees of Columbia University,,https://projects.propublica.org/nonprofits/display_990/261325469/12_2019_prefixes_23-26%2F261325469_201812_990PF_2019123116986534,
Shell,Royal Dutch Shell,"616,967.00",2018,,Climate School,,https://people.climate.columbia.edu/projects/view/737,
Shell,Royal Dutch Shell plc,"125,000.00",2019,,SIPA,CGEP,https://web.archive.org/web/20190415230731/https://energypolicy.columbia.edu/about/mission,"annual commitment of 200,000 or aggregate committment of 500,000 from 2019-2022. Chose 500,000 total for the 4 years as lower bound (125,000/yr)"
Shell,Royal Dutch Shell plc,"125,000.00",2020,,SIPA,CGEP,https://web.archive.org/web/20201001210441/https://www.energypolicy.columbia.edu/about/partners,"annual commitment of 200,000 or aggregate committment of 500,000 from 2019-2022. Chose 500,000 total for the 4 years as lower bound (125,000/yr)"
Shell,Royal Dutch Shell plc,"125,000.00",2021,,SIPA,CGEP,https://web.archive.org/web/20210604103628/https://www.energypolicy.columbia.edu/about/partners,"annual commitment of 200,000 or aggregate committment of 500,000 from 2019-2022. Chose 500,000 total for the 4 years as lower bound (125,000/yr)"
Shell,Royal Dutch Shell plc,"125,000.00",2022,,SIPA,CGEP,https://web.archive.org/web/20220831234051/https://www.energypolicy.columbia.edu/partners,"annual commitment of 200,000 or aggregate committment of 500,000 from 2019-2022. Chose 500,000 total for the 4 years as lower bound (125,000/yr)"
Shell,Shell plc,"250,000.00",2023,,SIPA,CGEP,https://web.archive.org/web/20231005152943/https://www.energypolicy.columbia.edu/about-us/our-partners/,"annual commitment of $250,000 or more."
Shell,Shell plc,"250,000.00",2024,,SIPA,CGEP,https://web.archive.org/web/20240801004845/https://www.energypolicy.columbia.edu/about-us/our-partners/,"annual commitment of $250,000 or more."
Shell,Shell Usa Company Foundation,350.00,2012,,Trustees of Columbia University,,https://projects.propublica.org/nonprofits/display_990/136066583/2014_01_PF%2F13-6066583_990PF_201212,
Shell,Shell Usa Company Foundation,650.00,2013,,Trustees of Columbia University,,https://projects.propublica.org/nonprofits/organizations/136066583/201423179349100512/full,
Shell,Shell Usa Company Foundation,750.00,2014,,Trustees of Columbia University,,https://projects.propublica.org/nonprofits/organizations/136066583/201532899349100503/full,
Shell,Shell Usa Company Foundation,550.00,2015,,Trustees of Columbia University,,https://projects.propublica.org/nonprofits/organizations/136066583/201633079349100433/full,
Shell,Shell Usa Company Foundation,200.00,2016,,Trustees of Columbia University,,https://projects.propublica.org/nonprofits/organizations/136066583/201733129349100138/full,
Shell,Shell Usa Company Foundation,"1,500.00",2017,,Trustees of Columbia University,,https://projects.propublica.org/nonprofits/organizations/136066583/201823049349100202/full,
Shell,Shell Usa Company Foundation,"2,850.00",2018,,Trustees of Columbia University,,https://projects.propublica.org/nonprofits/organizations/136066583/201903109349100200/full,
Shell,Shell Usa Company Foundation,"7,065.00",2019,,Trustees of Columbia University,,https://projects.propublica.org/nonprofits/organizations/136066583/202023169349100202/full,
Shell,Shell Usa Company Foundation,"3,050.00",2020,,Trustees of Columbia University,,https://projects.propublica.org/nonprofits/organizations/136066583/202133159349100603/full,
Shell,Shell Usa Company Foundation,"1,500.00",2021,,Trustees of Columbia University,,https://projects.propublica.org/nonprofits/organizations/136066583/202223149349100917/full,
Shell,Shell USA Company Foundation,"3,836.00",2022,,Trustees of Columbia University,,https://projects.propublica.org/nonprofits/organizations/136066583/202323139349100302/full,
Shell,Shell USA Company Foundation,750.00,2022,,Trustees of Columbia University,,https://projects.propublica.org/nonprofits/organizations/136066583/202323139349100302/full,
Sumitomo,Sumitomo Corporation of Americas Foundation,"600,000.00",2021,,Trustees of Columbia University,,https://projects.propublica.org/nonprofits/organizations/202103634/202200359349100805/full,
Sumitomo,Sumitomo Corporation of Americas Foundation,"200,000.00",2023,,Trustees of Columbia University,,https://projects.propublica.org/nonprofits/organizations/202103634/202333049349100408/full,
Tellurian,Tellurian,"125,000.00",2019,,SIPA,CGEP,https://web.archive.org/web/20190415230731/https://energypolicy.columbia.edu/about/mission,"annual commitment of 200,000 or aggregate committment of 500,000 from 2018-2021. Chose 500,000 total for the 4 years as lower bound (125,000/yr)"
Tellurian,Tellurian Inc.,"125,000.00",2018,,SIPA,CGEP,https://web.archive.org/web/20180620165843/http://energypolicy.columbia.edu/about/mission,"annual commitment of 200,000 or aggregate committment of 500,000 from 2018-2021. Chose 500,000 total for the 4 years as lower bound (125,000/yr)"
Tellurian,Tellurian Inc.,"125,000.00",2020,,SIPA,CGEP,https://web.archive.org/web/20201001210441/https://www.energypolicy.columbia.edu/about/partners,"annual commitment of 200,000 or aggregate committment of 500,000 from 2018-2021. Chose 500,000 total for the 4 years as lower bound (125,000/yr)"
Tellurian,Tellurian Inc.,"125,000.00",2021,,SIPA,CGEP,https://web.archive.org/web/20210604103628/https://www.energypolicy.columbia.edu/about/partners,"annual commitment of 200,000 or aggregate committment of 500,000 from 2018-2021. Chose 500,000 total for the 4 years as lower bound (125,000/yr)"
Tellurian,Tellurian Inc.,"333,333.00",2022,,SIPA,CGEP,https://web.archive.org/web/20220831234051/https://www.energypolicy.columbia.edu/partners,"annual or aggregate committment of 1,000,000 from 2022-2024. Chose 1,000,000 total for the 3 years as lower bound (333,333/yr)"
Tellurian,Tellurian Inc.,"333,333.00",2023,,SIPA,CGEP,https://web.archive.org/web/20231005152943/https://www.energypolicy.columbia.edu/about-us/our-partners/,"annual or aggregate committment of 1,000,000 from 2022-2024. Chose 1,000,000 total for the 3 years as lower bound (333,333/yr)"
Tellurian,Tellurian Inc.,"333,333.00",2024,,SIPA,CGEP,https://web.archive.org/web/20240801004845/https://www.energypolicy.columbia.edu/about-us/our-partners/,"annual or aggregate committment of 1,000,000 from 2022-2024. Chose 1,000,000 total for the 3 years as lower bound (333,333/yr)"
Tellurian,"Tellurian, Inc.","100,000.00",2017,,SIPA,,https://web.archive.org/web/20190130071315/https://sipa.columbia.edu/sites/default/files/SIPA-Annual-2016-2017.pdf,
Tokyo Gas Company,"Tokyo Gas Company, Ltd.","100,000.00",2015,,SIPA,,https://issuu.com/columbiauniversitysipa/docs/sipa_annual_report_2014_2015,
Tokyo Gas Company,"Tokyo Gas Company, Ltd.","100,000.00",2017,,SIPA,,https://web.archive.org/web/20190130071315/https://sipa.columbia.edu/sites/default/files/SIPA-Annual-2016-2017.pdf,
Tokyo Gas Company,"Tokyo Gas Company, Ltd.","100,000.00",2018,,SIPA,,https://web.archive.org/web/20191224033634/https://sipa.columbia.edu/sites/default/files/SIPA-Annual-Report-2017-2018.pdf,
Tokyo Gas Company,"Tokyo Gas Company, Ltd.","100,000.00",2019,,SIPA,,https://web.archive.org/web/20220812033654/https://sipa.columbia.edu/sites/default/files/SIPA-Annual-Report-2018-2019.pdf,
TotalEnergies,Total S.A.,"166,666.00",2019,,SIPA,CGEP,https://web.archive.org/web/20190415230731/https://energypolicy.columbia.edu/about/mission,"annual commitment of 200,000 or aggregate committment of 500,000 from 2019-2021. Chose 500,000 total for the 3 years as lower bound (166,666/yr)"
TotalEnergies,Total S.A.,"166,666.00",2020,,SIPA,CGEP,https://web.archive.org/web/20201001210441/https://www.energypolicy.columbia.edu/about/partners,"annual commitment of 200,000 or aggregate committment of 500,000 from 2019-2021. Chose 500,000 total for the 3 years as lower bound (166,666/yr)"
TotalEnergies,Total S.A.,"166,666.00",2021,,SIPA,CGEP,https://web.archive.org/web/20210604103628/https://www.energypolicy.columbia.edu/about/partners,"annual commitment of 200,000 or aggregate committment of 500,000 from 2019-2021. Chose 500,000 total for the 3 years as lower bound (166,666/yr)"
TotalEnergies,Total S.A.,"1,000.00",2022,,SIPA,CGEP,https://web.archive.org/web/20220831234051/https://www.energypolicy.columbia.edu/partners,"annual commitment of $1,000 or more."
TotalEnergies,TotalEnergies,"250,000.00",2023,,SIPA,CGEP,https://web.archive.org/web/20231005152943/https://www.energypolicy.columbia.edu/about-us/our-partners/,"annual commitment of $250,000 or more."
TotalEnergies,TotalEnergies,"250,000.00",2024,,SIPA,CGEP,https://web.archive.org/web/20240801004845/https://www.energypolicy.columbia.edu/about-us/our-partners/,"annual commitment of $250,000 or more."
Valero,Valero Energy Foundation,500.00,2005,,Barnard College,,https://projects.propublica.org/nonprofits/display_990/742904514/2006_11_PF%2F74-2904514_990PF_200512,
Valero,Valero Energy Foundation,"1,000.00",2006,,Barnard College,,https://projects.propublica.org/nonprofits/display_990/742904514/2007_11_PF%2F74-2904514_990PF_200612,
Valero,Valero Energy Foundation,"1,500.00",2007,,Barnard College,,https://projects.propublica.org/nonprofits/display_990/742904514/2008_11_PF%2F74-2904514_990PF_200712,
Valero,Valero Energy Foundation,"2,500.00",2008,,Barnard College,,https://projects.propublica.org/nonprofits/display_990/742904514/2009_11_PF%2F74-2904514_990PF_200812,
Valero,Valero Energy Foundation,"2,500.00",2009,,Barnard College,,https://projects.propublica.org/nonprofits/display_990/742904514/2010_12_PF%2F74-2904514_990PF_200912,
Valero,Valero Energy Foundation,"2,500.00",2010,,Barnard College,,https://projects.propublica.org/nonprofits/display_990/742904514/2011_11_PF%2F74-2904514_990PF_201012,
Valero,Valero Energy Foundation,"2,500.00",2011,,Barnard College,,https://projects.propublica.org/nonprofits/display_990/742904514/2012_11_PF%2F74-2904514_990PF_201112,
Valero,Valero Energy Foundation,"2,500.00",2014,,Barnard College,,https://projects.propublica.org/nonprofits/display_990/742904514/2015_08_PF%2F74-2904514_990PF_201409,
Venture,"Venture Global LNG, Inc.","250,000.00",2024,,SIPA,CGEP,https://web.archive.org/web/20240801004845/https://www.energypolicy.columbia.edu/about-us/our-partners/,"annual commitment of $250,000 or more."
Vistra Corp,Vistra,"1,000.00",2022,,SIPA,CGEP,https://web.archive.org/web/20220831234051/https://www.energypolicy.columbia.edu/partners,"annual commitment of $1,000 or more."
Vistra Corp,Vistra Corp,"1,000.00",2020,Donation/grant (Sustaining Annual Circle Member),SIPA,CGEP,https://littlesis.org/org/162243-Columbia_University_Center_on_Global_Energy_Policy,
Vistra Corp,Vistra Energy,"5,000.00",2023,,SIPA,CGEP,https://web.archive.org/web/20231005152943/https://www.energypolicy.columbia.edu/about-us/our-partners/,"annual commitment of $5,000 or more and participate in a regular roundtable discussion"
Vistra Corp,Vistra Energy,"5,000.00",2024,,SIPA,CGEP,https://web.archive.org/web/20240801004845/https://www.energypolicy.columbia.edu/about-us/our-partners/,"annual commitment of $5,000 or more and participate in a regular roundtable discussion"
Wintershall,Wintershall Holding GmbH,"200,000.00",2018,,SIPA,CGEP,https://web.archive.org/web/20180620165843/http://energypolicy.columbia.edu/about/mission,"annual commitment of 200,000 or aggregate committment of 500,000 from 2018-2019. Chose 200,000/yr as lower bound"
Wintershall,Wintershall Holding GmbH,"200,000.00",2019,,SIPA,CGEP,https://web.archive.org/web/20190415230731/https://energypolicy.columbia.edu/about/mission,"annual commitment of 200,000 or aggregate committment of 500,000 from 2018-2019. Chose 200,000/yr as lower bound"
Woodside Energy,Woodside Energy Ltd.,"25,000.00",2018,,Climate School,,https://people.climate.columbia.edu/projects/view/739,
WPX,WPX Energy Inc.,"1,000.00",2020,Donation/grant (Sustaining Annual Circle Member),SIPA,CGEP,https://littlesis.org/org/162243-Columbia_University_Center_on_Global_Energy_Policy,
WPX,"WPX Energy, Inc./Devon","1,000.00",2020,,SIPA,CGEP,https://web.archive.org/web/20201001210441/https://www.energypolicy.columbia.edu/about/partners,"annual commitment of $1,000 or more."
WPX,"WPX Energy, Inc./Devon","1,000.00",2021,,SIPA,CGEP,https://web.archive.org/web/20210604103628/https://www.energypolicy.columbia.edu/about/partners,"annual commitment of $1,000 or more."